node_uuid,user_agent,is_infected
0,AEGIS-Node/2.0 (Linux) U04tOTI4MA==,False
1,AEGIS-Node/2.0 (Linux) U04tNjEyNA==,False
2,AEGIS-Node/2.0 (Linux) U04tMTAwOQ==,False
3,AEGIS-Node/2.0 (Linux) U04tMzM5MQ==,False
4,AEGIS-Node/2.0 (Linux) U04tOTkyMQ==,False
5,AEGIS-Node/2.0 (Linux) U04tNTg4Nw==,False
6,AEGIS-Node/2.0 (Linux) U04tNTI5Nw==,False
7,AEGIS-Node/2.0 (Linux) U04tMzA0Ng==,False
8,AEGIS-Node/2.0 (Linux) U04tNTEwMg==,False
9,AEGIS-Node/2.0 (Linux) U04tMzM2MQ==,False
10,AEGIS-Node/2.0 (Linux) U04tNzkxOA==,False
11,AEGIS-Node/2.0 (Linux) U04tODM1NQ==,False
12,AEGIS-Node/2.0 (Linux) U04tMTE2Mg==,True
13,AEGIS-Node/2.0 (Linux) U04tOTY2Mw==,True
14,AEGIS-Node/2.0 (Linux) U04tNDE3OA==,False
15,AEGIS-Node/2.0 (Linux) U04tNzgyNA==,False
16,AEGIS-Node/2.0 (Linux) U04tNTExNg==,False
17,AEGIS-Node/2.0 (Linux) U04tMjA3Nw==,False
18,AEGIS-Node/2.0 (Linux) U04tNDY5NQ==,False
19,AEGIS-Node/2.0 (Linux) U04tNzY0Nw==,False
20,AEGIS-Node/2.0 (Linux) U04tMTc3Mw==,False
21,AEGIS-Node/2.0 (Linux) U04tMzAyOQ==,False
22,AEGIS-Node/2.0 (Linux) U04tNzE3Mw==,False
23,AEGIS-Node/2.0 (Linux) U04tMjcyNQ==,False
24,AEGIS-Node/2.0 (Linux) U04tMzkwOA==,False
25,AEGIS-Node/2.0 (Linux) U04tODc1NQ==,True
26,AEGIS-Node/2.0 (Linux) U04tMzgwOA==,False
27,AEGIS-Node/2.0 (Linux) U04tNTg4OA==,False
28,AEGIS-Node/2.0 (Linux) U04tNDA1MQ==,False
29,AEGIS-Node/2.0 (Linux) U04tMjQzMA==,False
30,AEGIS-Node/2.0 (Linux) U04tNDk1NQ==,False
31,AEGIS-Node/2.0 (Linux) U04tNjM3Mw==,False
32,AEGIS-Node/2.0 (Linux) U04tNjQ5Ng==,False
33,AEGIS-Node/2.0 (Linux) U04tMjk1Mw==,False
34,AEGIS-Node/2.0 (Linux) U04tMzE4Nw==,False
35,AEGIS-Node/2.0 (Linux) U04tMzYwOA==,False
36,AEGIS-Node/2.0 (Linux) U04tNTM0OA==,False
37,AEGIS-Node/2.0 (Linux) U04tMTk1Ng==,False
38,AEGIS-Node/2.0 (Linux) U04tMjE5MA==,False
39,AEGIS-Node/2.0 (Linux) U04tODM4Nw==,False
40,AEGIS-Node/2.0 (Linux) U04tNjY1Mw==,False
41,AEGIS-Node/2.0 (Linux) U04tMTY4Mg==,True
42,AEGIS-Node/2.0 (Linux) U04tNTUxNg==,False
43,AEGIS-Node/2.0 (Linux) U04tNjc3Mg==,False
44,AEGIS-Node/2.0 (Linux) U04tNTkzMQ==,False
45,AEGIS-Node/2.0 (Linux) U04tMjAzNw==,False
46,AEGIS-Node/2.0 (Linux) U04tMTY5OQ==,False
47,AEGIS-Node/2.0 (Linux) U04tNDA2NA==,True
48,AEGIS-Node/2.0 (Linux) U04tNzc1Mw==,True
49,AEGIS-Node/2.0 (Linux) U04tMzM3Nw==,False
50,AEGIS-Node/2.0 (Linux) U04tNzg3Nw==,True
51,AEGIS-Node/2.0 (Linux) U04tMzg0Mg==,False
52,AEGIS-Node/2.0 (Linux) U04tMzg0Nw==,False
53,AEGIS-Node/2.0 (Linux) U04tMzgwMg==,True
54,AEGIS-Node/2.0 (Linux) U04tMjI1NA==,False
55,AEGIS-Node/2.0 (Linux) U04tNzQyOQ==,False
56,AEGIS-Node/2.0 (Linux) U04tNjIzNg==,False
57,AEGIS-Node/2.0 (Linux) U04tMTgxOA==,False
58,AEGIS-Node/2.0 (Linux) U04tNjQ5Nw==,False
59,AEGIS-Node/2.0 (Linux) U04tNTk2Ng==,False
60,AEGIS-Node/2.0 (Linux) U04tMTkxNw==,False
61,AEGIS-Node/2.0 (Linux) U04tMTQ0MQ==,False
62,AEGIS-Node/2.0 (Linux) U04tMzA2MA==,False
63,AEGIS-Node/2.0 (Linux) U04tMTM3Ng==,True
64,AEGIS-Node/2.0 (Linux) U04tMjcxNw==,False
65,AEGIS-Node/2.0 (Linux) U04tMjI4MA==,False
66,AEGIS-Node/2.0 (Linux) U04tMjI3MQ==,True
67,AEGIS-Node/2.0 (Linux) U04tMzE0Mg==,False
68,AEGIS-Node/2.0 (Linux) U04tNDI1Ng==,False
69,AEGIS-Node/2.0 (Linux) U04tNzA1Nw==,False
70,AEGIS-Node/2.0 (Linux) U04tNjU5OA==,False
71,AEGIS-Node/2.0 (Linux) U04tMjQ1NA==,False
72,AEGIS-Node/2.0 (Linux) U04tMTkwMg==,False
73,AEGIS-Node/2.0 (Linux) U04tMjgzMA==,False
74,AEGIS-Node/2.0 (Linux) U04tODE0Nw==,False
75,AEGIS-Node/2.0 (Linux) U04tMTkzMQ==,False
76,AEGIS-Node/2.0 (Linux) U04tNzI0OQ==,False
77,AEGIS-Node/2.0 (Linux) U04tNTc5Mw==,False
78,AEGIS-Node/2.0 (Linux) U04tNjAzOQ==,False
79,AEGIS-Node/2.0 (Linux) U04tMTY3MQ==,False
80,AEGIS-Node/2.0 (Linux) U04tMzQ5NA==,True
81,AEGIS-Node/2.0 (Linux) U04tNDM5NQ==,True
82,AEGIS-Node/2.0 (Linux) U04tODkzMA==,False
83,AEGIS-Node/2.0 (Linux) U04tOTc1Ng==,False
84,AEGIS-Node/2.0 (Linux) U04tNTg0Mg==,False
85,AEGIS-Node/2.0 (Linux) U04tNjQ2NA==,False
86,AEGIS-Node/2.0 (Linux) U04tNTMxOQ==,True
87,AEGIS-Node/2.0 (Linux) U04tNDEzMg==,False
88,AEGIS-Node/2.0 (Linux) U04tODYzNw==,False
89,AEGIS-Node/2.0 (Linux) U04tMTMyNw==,False
90,AEGIS-Node/2.0 (Linux) U04tMTk0Mg==,False
91,AEGIS-Node/2.0 (Linux) U04tNzgzNg==,False
92,AEGIS-Node/2.0 (Linux) U04tNzQzOQ==,False
93,AEGIS-Node/2.0 (Linux) U04tNjY0Mw==,False
94,AEGIS-Node/2.0 (Linux) U04tOTQyNg==,False
95,AEGIS-Node/2.0 (Linux) U04tNDIyOQ==,False
96,AEGIS-Node/2.0 (Linux) U04tNTU0Mw==,False
97,AEGIS-Node/2.0 (Linux) U04tODk2MA==,False
98,AEGIS-Node/2.0 (Linux) U04tNTk3Ng==,False
99,AEGIS-Node/2.0 (Linux) U04tNDA5MQ==,False
100,AEGIS-Node/2.0 (Linux) U04tNDU1Ng==,False
101,AEGIS-Node/2.0 (Linux) U04tMTI5Nw==,False
102,AEGIS-Node/2.0 (Linux) U04tNjg1MA==,False
103,AEGIS-Node/2.0 (Linux) U04tODA3Nw==,False
104,AEGIS-Node/2.0 (Linux) U04tNjI3Mg==,False
105,AEGIS-Node/2.0 (Linux) U04tNDMyNg==,False
106,AEGIS-Node/2.0 (Linux) U04tNTEyMA==,True
107,AEGIS-Node/2.0 (Linux) U04tNDE0NQ==,True
108,AEGIS-Node/2.0 (Linux) U04tODczMQ==,False
109,AEGIS-Node/2.0 (Linux) U04tMzY1Mw==,False
110,AEGIS-Node/2.0 (Linux) U04tNzM1Nw==,False
111,AEGIS-Node/2.0 (Linux) U04tOTE5OA==,False
112,AEGIS-Node/2.0 (Linux) U04tNjkwOQ==,False
113,AEGIS-Node/2.0 (Linux) U04tNDcxNg==,False
114,AEGIS-Node/2.0 (Linux) U04tMjQ4NQ==,True
115,AEGIS-Node/2.0 (Linux) U04tNTIxNQ==,True
116,AEGIS-Node/2.0 (Linux) U04tNDEwNA==,False
117,AEGIS-Node/2.0 (Linux) U04tMTYwMA==,False
118,AEGIS-Node/2.0 (Linux) U04tNTM4NA==,False
119,AEGIS-Node/2.0 (Linux) U04tODU5NQ==,False
120,AEGIS-Node/2.0 (Linux) U04tMjkxMw==,False
121,AEGIS-Node/2.0 (Linux) U04tNDc4MA==,False
122,AEGIS-Node/2.0 (Linux) U04tNDc5MQ==,True
123,AEGIS-Node/2.0 (Linux) U04tNDU5OQ==,False
124,AEGIS-Node/2.0 (Linux) U04tNzg2Ng==,False
125,AEGIS-Node/2.0 (Linux) U04tMjQ1MA==,True
126,AEGIS-Node/2.0 (Linux) U04tMjg3Mg==,False
127,AEGIS-Node/2.0 (Linux) U04tNTcxMA==,True
128,AEGIS-Node/2.0 (Linux) U04tNjQ3Mw==,False
129,AEGIS-Node/2.0 (Linux) U04tNDIzOA==,False
130,AEGIS-Node/2.0 (Linux) U04tNzgxNg==,False
131,AEGIS-Node/2.0 (Linux) U04tODI5NA==,False
132,AEGIS-Node/2.0 (Linux) U04tOTc1MA==,False
133,AEGIS-Node/2.0 (Linux) U04tMzE5Nw==,False
134,AEGIS-Node/2.0 (Linux) U04tNDkxNg==,False
135,AEGIS-Node/2.0 (Linux) U04tNjA5NA==,False
136,AEGIS-Node/2.0 (Linux) U04tNTI1MQ==,False
137,AEGIS-Node/2.0 (Linux) U04tMzQ5Mw==,False
138,AEGIS-Node/2.0 (Linux) U04tMjY5MA==,False
139,AEGIS-Node/2.0 (Linux) U04tMzg1OQ==,False
140,AEGIS-Node/2.0 (Linux) U04tOTg5NA==,False
141,AEGIS-Node/2.0 (Linux) U04tODk2MQ==,False
142,AEGIS-Node/2.0 (Linux) U04tOTc0Mg==,False
143,AEGIS-Node/2.0 (Linux) U04tOTQzMg==,False
144,AEGIS-Node/2.0 (Linux) U04tNzQ4Mg==,False
145,AEGIS-Node/2.0 (Linux) U04tODI1MA==,False
146,AEGIS-Node/2.0 (Linux) U04tNzkyNA==,False
147,AEGIS-Node/2.0 (Linux) U04tNzQ2Nw==,False
148,AEGIS-Node/2.0 (Linux) U04tNzcyMg==,False
149,AEGIS-Node/2.0 (Linux) U04tMTM0MQ==,False
150,AEGIS-Node/2.0 (Linux) U04tNDAwNg==,False
151,AEGIS-Node/2.0 (Linux) U04tNTM1Ng==,True
152,AEGIS-Node/2.0 (Linux) U04tMjMzMA==,False
153,AEGIS-Node/2.0 (Linux) U04tNjM5MQ==,False
154,AEGIS-Node/2.0 (Linux) U04tMjUxMg==,True
155,AEGIS-Node/2.0 (Linux) U04tNzcxMQ==,False
156,AEGIS-Node/2.0 (Linux) U04tNDQ3Nw==,False
157,AEGIS-Node/2.0 (Linux) U04tNTkwNw==,False
158,AEGIS-Node/2.0 (Linux) U04tNjIwOA==,False
159,AEGIS-Node/2.0 (Linux) U04tNjA0Mg==,True
160,AEGIS-Node/2.0 (Linux) U04tODI5Ng==,False
161,AEGIS-Node/2.0 (Linux) U04tMjU3OQ==,False
162,AEGIS-Node/2.0 (Linux) U04tMTI0OQ==,False
163,AEGIS-Node/2.0 (Linux) U04tODAwNw==,True
164,AEGIS-Node/2.0 (Linux) U04tNDg5Ng==,False
165,AEGIS-Node/2.0 (Linux) U04tMjYyNA==,False
166,AEGIS-Node/2.0 (Linux) U04tMTU3Nw==,False
167,AEGIS-Node/2.0 (Linux) U04tNzYyOQ==,True
168,AEGIS-Node/2.0 (Linux) U04tNDc0OA==,False
169,AEGIS-Node/2.0 (Linux) U04tNjMwNw==,False
170,AEGIS-Node/2.0 (Linux) U04tNjM1Ng==,False
171,AEGIS-Node/2.0 (Linux) U04tNTI5Mg==,False
172,AEGIS-Node/2.0 (Linux) U04tNjMzMQ==,False
173,AEGIS-Node/2.0 (Linux) U04tNTAzMg==,False
174,AEGIS-Node/2.0 (Linux) U04tNzQ5Nw==,True
175,AEGIS-Node/2.0 (Linux) U04tMjQ4Mw==,False
176,AEGIS-Node/2.0 (Linux) U04tMjc4NA==,True
177,AEGIS-Node/2.0 (Linux) U04tNjEwNA==,False
178,AEGIS-Node/2.0 (Linux) U04tNTQ5Nw==,False
179,AEGIS-Node/2.0 (Linux) U04tMzc2NQ==,False
180,AEGIS-Node/2.0 (Linux) U04tNDAyNw==,True
181,AEGIS-Node/2.0 (Linux) U04tODcyMQ==,False
182,AEGIS-Node/2.0 (Linux) U04tNjMwOA==,True
183,AEGIS-Node/2.0 (Linux) U04tNjQ0NQ==,False
184,AEGIS-Node/2.0 (Linux) U04tMjk0Mw==,False
185,AEGIS-Node/2.0 (Linux) U04tMTA0Ng==,False
186,AEGIS-Node/2.0 (Linux) U04tOTkyNg==,False
187,AEGIS-Node/2.0 (Linux) U04tMjUyOA==,False
188,AEGIS-Node/2.0 (Linux) U04tOTIwMw==,True
189,AEGIS-Node/2.0 (Linux) U04tODE5Nw==,False
190,AEGIS-Node/2.0 (Linux) U04tMTAxMg==,False
191,AEGIS-Node/2.0 (Linux) U04tNzU3MA==,False
192,AEGIS-Node/2.0 (Linux) U04tNTYzNA==,False
193,AEGIS-Node/2.0 (Linux) U04tODkyMQ==,True
194,AEGIS-Node/2.0 (Linux) U04tOTE2OQ==,False
195,AEGIS-Node/2.0 (Linux) U04tNTI5MA==,True
196,AEGIS-Node/2.0 (Linux) U04tODAwNQ==,True
197,AEGIS-Node/2.0 (Linux) U04tMTMxNg==,False
198,AEGIS-Node/2.0 (Linux) U04tNDcyNg==,False
199,AEGIS-Node/2.0 (Linux) U04tNjkwMw==,False
200,AEGIS-Node/2.0 (Linux) U04tNzU0Mw==,False
201,AEGIS-Node/2.0 (Linux) U04tNzIzNQ==,True
202,AEGIS-Node/2.0 (Linux) U04tMjAzMg==,False
203,AEGIS-Node/2.0 (Linux) U04tMTAzMA==,False
204,AEGIS-Node/2.0 (Linux) U04tMTQ5OA==,False
205,AEGIS-Node/2.0 (Linux) U04tNjkxMA==,False
206,AEGIS-Node/2.0 (Linux) U04tNTc2OQ==,False
207,AEGIS-Node/2.0 (Linux) U04tNDkwOA==,False
208,AEGIS-Node/2.0 (Linux) U04tODExMw==,False
209,AEGIS-Node/2.0 (Linux) U04tNzgxNg==,False
210,AEGIS-Node/2.0 (Linux) U04tNjQxOA==,False
211,AEGIS-Node/2.0 (Linux) U04tNDI2OQ==,False
212,AEGIS-Node/2.0 (Linux) U04tMTM1Mw==,False
213,AEGIS-Node/2.0 (Linux) U04tMTA0OQ==,False
214,AEGIS-Node/2.0 (Linux) U04tMzI5Mg==,False
215,AEGIS-Node/2.0 (Linux) U04tMzY5Mw==,False
216,AEGIS-Node/2.0 (Linux) U04tNDYxNw==,False
217,AEGIS-Node/2.0 (Linux) U04tMTAwOA==,False
218,AEGIS-Node/2.0 (Linux) U04tNzc5Mg==,False
219,AEGIS-Node/2.0 (Linux) U04tMTI3Ng==,False
220,AEGIS-Node/2.0 (Linux) U04tNjkzOA==,False
221,AEGIS-Node/2.0 (Linux) U04tNTM5MQ==,False
222,AEGIS-Node/2.0 (Linux) U04tOTA4MA==,False
223,AEGIS-Node/2.0 (Linux) U04tOTU0MA==,False
224,AEGIS-Node/2.0 (Linux) U04tMjg1Nw==,False
225,AEGIS-Node/2.0 (Linux) U04tMTY5NQ==,True
226,AEGIS-Node/2.0 (Linux) U04tMjc4MQ==,False
227,AEGIS-Node/2.0 (Linux) U04tNjQ3NQ==,False
228,AEGIS-Node/2.0 (Linux) U04tMTkzMQ==,False
229,AEGIS-Node/2.0 (Linux) U04tMTI1Mw==,True
230,AEGIS-Node/2.0 (Linux) U04tNjIyNw==,False
231,AEGIS-Node/2.0 (Linux) U04tNTk3MQ==,False
232,AEGIS-Node/2.0 (Linux) U04tMzcyMQ==,False
233,AEGIS-Node/2.0 (Linux) U04tMzg2NA==,False
234,AEGIS-Node/2.0 (Linux) U04tNzMyNA==,False
235,AEGIS-Node/2.0 (Linux) U04tODg0MA==,False
236,AEGIS-Node/2.0 (Linux) U04tMTI2OA==,True
237,AEGIS-Node/2.0 (Linux) U04tNzI3OQ==,False
238,AEGIS-Node/2.0 (Linux) U04tNDY2MQ==,True
239,AEGIS-Node/2.0 (Linux) U04tOTM4Ng==,False
240,AEGIS-Node/2.0 (Linux) U04tNTUwOA==,False
241,AEGIS-Node/2.0 (Linux) U04tMTEwMw==,False
242,AEGIS-Node/2.0 (Linux) U04tNzA4Nw==,False
243,AEGIS-Node/2.0 (Linux) U04tMTMzNw==,False
244,AEGIS-Node/2.0 (Linux) U04tOTA0Mw==,False
245,AEGIS-Node/2.0 (Linux) U04tMjY0OQ==,False
246,AEGIS-Node/2.0 (Linux) U04tMzc5OQ==,True
247,AEGIS-Node/2.0 (Linux) U04tNjQwMA==,False
248,AEGIS-Node/2.0 (Linux) U04tODk2MA==,False
249,AEGIS-Node/2.0 (Linux) U04tNjg2Ng==,False
250,AEGIS-Node/2.0 (Linux) U04tMjU5Ng==,False
251,AEGIS-Node/2.0 (Linux) U04tMzE2NQ==,False
252,AEGIS-Node/2.0 (Linux) U04tNjk4Mg==,False
253,AEGIS-Node/2.0 (Linux) U04tOTMwMw==,False
254,AEGIS-Node/2.0 (Linux) U04tMjY0Mg==,False
255,AEGIS-Node/2.0 (Linux) U04tNjM1NA==,False
256,AEGIS-Node/2.0 (Linux) U04tOTc1MQ==,False
257,AEGIS-Node/2.0 (Linux) U04tMTE5Mg==,False
258,AEGIS-Node/2.0 (Linux) U04tMjEwNg==,False
259,AEGIS-Node/2.0 (Linux) U04tNjA0Mw==,False
260,AEGIS-Node/2.0 (Linux) U04tNjE0OQ==,False
261,AEGIS-Node/2.0 (Linux) U04tOTA3NA==,False
262,AEGIS-Node/2.0 (Linux) U04tMTkxMg==,False
263,AEGIS-Node/2.0 (Linux) U04tNzIwNg==,True
264,AEGIS-Node/2.0 (Linux) U04tMjIxMQ==,False
265,AEGIS-Node/2.0 (Linux) U04tMjA2OA==,False
266,AEGIS-Node/2.0 (Linux) U04tMzc2NA==,False
267,AEGIS-Node/2.0 (Linux) U04tNTM1Mg==,False
268,AEGIS-Node/2.0 (Linux) U04tNjI3MQ==,False
269,AEGIS-Node/2.0 (Linux) U04tOTU0OA==,False
270,AEGIS-Node/2.0 (Linux) U04tOTkxMg==,False
271,AEGIS-Node/2.0 (Linux) U04tOTAyOA==,False
272,AEGIS-Node/2.0 (Linux) U04tMzYwMA==,False
273,AEGIS-Node/2.0 (Linux) U04tNDUxNQ==,False
274,AEGIS-Node/2.0 (Linux) U04tNDg0NA==,True
275,AEGIS-Node/2.0 (Linux) U04tMjA2OQ==,False
276,AEGIS-Node/2.0 (Linux) U04tNjI4MQ==,False
277,AEGIS-Node/2.0 (Linux) U04tNDgyNQ==,False
278,AEGIS-Node/2.0 (Linux) U04tMjMzNQ==,False
279,AEGIS-Node/2.0 (Linux) U04tNjk3Mw==,False
280,AEGIS-Node/2.0 (Linux) U04tNTM3Ng==,False
281,AEGIS-Node/2.0 (Linux) U04tNDg1Ng==,False
282,AEGIS-Node/2.0 (Linux) U04tNzUxNw==,False
283,AEGIS-Node/2.0 (Linux) U04tMTc5MQ==,False
284,AEGIS-Node/2.0 (Linux) U04tMzA5Mw==,False
285,AEGIS-Node/2.0 (Linux) U04tNDc3OQ==,False
286,AEGIS-Node/2.0 (Linux) U04tODY3NQ==,False
287,AEGIS-Node/2.0 (Linux) U04tNjMwMA==,False
288,AEGIS-Node/2.0 (Linux) U04tODQxMQ==,True
289,AEGIS-Node/2.0 (Linux) U04tNTMwMg==,False
290,AEGIS-Node/2.0 (Linux) U04tNzQ1NQ==,False
291,AEGIS-Node/2.0 (Linux) U04tNDY3OQ==,False
292,AEGIS-Node/2.0 (Linux) U04tNzgwOA==,False
293,AEGIS-Node/2.0 (Linux) U04tODY5Nw==,False
294,AEGIS-Node/2.0 (Linux) U04tMzY1NQ==,False
295,AEGIS-Node/2.0 (Linux) U04tMjgxOA==,False
296,AEGIS-Node/2.0 (Linux) U04tNjc5Mg==,True
297,AEGIS-Node/2.0 (Linux) U04tNjEyNg==,False
298,AEGIS-Node/2.0 (Linux) U04tNjA1OA==,False
299,AEGIS-Node/2.0 (Linux) U04tNjI4NA==,False
300,AEGIS-Node/2.0 (Linux) U04tODUyMw==,False
301,AEGIS-Node/2.0 (Linux) U04tNTA1MQ==,False
302,AEGIS-Node/2.0 (Linux) U04tNjMxMA==,False
303,AEGIS-Node/2.0 (Linux) U04tNjUxMg==,False
304,AEGIS-Node/2.0 (Linux) U04tOTkzNQ==,False
305,AEGIS-Node/2.0 (Linux) U04tMTM1Nw==,False
306,AEGIS-Node/2.0 (Linux) U04tNTQyNQ==,False
307,AEGIS-Node/2.0 (Linux) U04tODA3MQ==,False
308,AEGIS-Node/2.0 (Linux) U04tODc2Nw==,False
309,AEGIS-Node/2.0 (Linux) U04tMjA3OA==,False
310,AEGIS-Node/2.0 (Linux) U04tODg1OQ==,False
311,AEGIS-Node/2.0 (Linux) U04tMTk2OA==,False
312,AEGIS-Node/2.0 (Linux) U04tMTkzMA==,False
313,AEGIS-Node/2.0 (Linux) U04tMjM2Ng==,False
314,AEGIS-Node/2.0 (Linux) U04tNDczNA==,False
315,AEGIS-Node/2.0 (Linux) U04tNzQxMQ==,False
316,AEGIS-Node/2.0 (Linux) U04tMjI5OQ==,False
317,AEGIS-Node/2.0 (Linux) U04tMTUyOA==,False
318,AEGIS-Node/2.0 (Linux) U04tNjI4Ng==,False
319,AEGIS-Node/2.0 (Linux) U04tODY0OA==,False
320,AEGIS-Node/2.0 (Linux) U04tNzMxNA==,False
321,AEGIS-Node/2.0 (Linux) U04tOTE2Ng==,False
322,AEGIS-Node/2.0 (Linux) U04tNzM1Mw==,False
323,AEGIS-Node/2.0 (Linux) U04tNDUxOQ==,False
324,AEGIS-Node/2.0 (Linux) U04tNjE0MA==,False
325,AEGIS-Node/2.0 (Linux) U04tNDE0Ng==,False
326,AEGIS-Node/2.0 (Linux) U04tNjM2MA==,False
327,AEGIS-Node/2.0 (Linux) U04tODYyOQ==,False
328,AEGIS-Node/2.0 (Linux) U04tNzU2NQ==,True
329,AEGIS-Node/2.0 (Linux) U04tNTY2OA==,False
330,AEGIS-Node/2.0 (Linux) U04tOTMzOQ==,False
331,AEGIS-Node/2.0 (Linux) U04tNzUzNA==,False
332,AEGIS-Node/2.0 (Linux) U04tMTExMQ==,False
333,AEGIS-Node/2.0 (Linux) U04tMjMxOA==,False
334,AEGIS-Node/2.0 (Linux) U04tODM5OQ==,False
335,AEGIS-Node/2.0 (Linux) U04tMjY4OQ==,False
336,AEGIS-Node/2.0 (Linux) U04tNDE0OQ==,False
337,AEGIS-Node/2.0 (Linux) U04tNjUzNw==,False
338,AEGIS-Node/2.0 (Linux) U04tNjY2Nw==,True
339,AEGIS-Node/2.0 (Linux) U04tMTgxOA==,False
340,AEGIS-Node/2.0 (Linux) U04tMTg5OQ==,False
341,AEGIS-Node/2.0 (Linux) U04tNzI5MQ==,False
342,AEGIS-Node/2.0 (Linux) U04tMjcxOA==,False
343,AEGIS-Node/2.0 (Linux) U04tMjAwOA==,False
344,AEGIS-Node/2.0 (Linux) U04tNzgwMw==,False
345,AEGIS-Node/2.0 (Linux) U04tMTUzMQ==,False
346,AEGIS-Node/2.0 (Linux) U04tOTkwNA==,False
347,AEGIS-Node/2.0 (Linux) U04tMzE5Mg==,False
348,AEGIS-Node/2.0 (Linux) U04tMzM1OQ==,False
349,AEGIS-Node/2.0 (Linux) U04tMjQ4Ng==,False
350,AEGIS-Node/2.0 (Linux) U04tMzcwMw==,False
351,AEGIS-Node/2.0 (Linux) U04tMTI0NA==,False
352,AEGIS-Node/2.0 (Linux) U04tNDM0MA==,False
353,AEGIS-Node/2.0 (Linux) U04tODk3Mw==,True
354,AEGIS-Node/2.0 (Linux) U04tNDkwOA==,False
355,AEGIS-Node/2.0 (Linux) U04tOTk3MQ==,False
356,AEGIS-Node/2.0 (Linux) U04tOTEwMw==,False
357,AEGIS-Node/2.0 (Linux) U04tODk2NA==,False
358,AEGIS-Node/2.0 (Linux) U04tNTY5OA==,False
359,AEGIS-Node/2.0 (Linux) U04tOTYzMA==,False
360,AEGIS-Node/2.0 (Linux) U04tNTc4NQ==,False
361,AEGIS-Node/2.0 (Linux) U04tNTE3Ng==,False
362,AEGIS-Node/2.0 (Linux) U04tNzMwMg==,True
363,AEGIS-Node/2.0 (Linux) U04tNTA4OA==,False
364,AEGIS-Node/2.0 (Linux) U04tMjY2NA==,False
365,AEGIS-Node/2.0 (Linux) U04tNTQzMA==,False
366,AEGIS-Node/2.0 (Linux) U04tNTE0OA==,False
367,AEGIS-Node/2.0 (Linux) U04tMjc4MA==,False
368,AEGIS-Node/2.0 (Linux) U04tMzU0Ng==,False
369,AEGIS-Node/2.0 (Linux) U04tMjA2MQ==,False
370,AEGIS-Node/2.0 (Linux) U04tMjAxNg==,False
371,AEGIS-Node/2.0 (Linux) U04tNTM4Mw==,False
372,AEGIS-Node/2.0 (Linux) U04tMjcyOQ==,False
373,AEGIS-Node/2.0 (Linux) U04tMjMyMA==,False
374,AEGIS-Node/2.0 (Linux) U04tNzE4OA==,False
375,AEGIS-Node/2.0 (Linux) U04tMzk4NQ==,False
376,AEGIS-Node/2.0 (Linux) U04tODMxOA==,False
377,AEGIS-Node/2.0 (Linux) U04tODIxNA==,False
378,AEGIS-Node/2.0 (Linux) U04tMzQ3NA==,False
379,AEGIS-Node/2.0 (Linux) U04tMzY5NA==,True
380,AEGIS-Node/2.0 (Linux) U04tMzMxNg==,False
381,AEGIS-Node/2.0 (Linux) U04tMjM1NA==,True
382,AEGIS-Node/2.0 (Linux) U04tMTUyOA==,False
383,AEGIS-Node/2.0 (Linux) U04tOTA1NQ==,True
384,AEGIS-Node/2.0 (Linux) U04tODE1Ng==,False
385,AEGIS-Node/2.0 (Linux) U04tNzg1NQ==,False
386,AEGIS-Node/2.0 (Linux) U04tMjM4MQ==,False
387,AEGIS-Node/2.0 (Linux) U04tNDYzNA==,True
388,AEGIS-Node/2.0 (Linux) U04tMTg3MA==,False
389,AEGIS-Node/2.0 (Linux) U04tNzc5Ng==,False
390,AEGIS-Node/2.0 (Linux) U04tODY3Ng==,False
391,AEGIS-Node/2.0 (Linux) U04tNTU2Nw==,False
392,AEGIS-Node/2.0 (Linux) U04tNjY3OQ==,False
393,AEGIS-Node/2.0 (Linux) U04tNTMzNg==,False
394,AEGIS-Node/2.0 (Linux) U04tNTA4Ng==,False
395,AEGIS-Node/2.0 (Linux) U04tMTI5NQ==,False
396,AEGIS-Node/2.0 (Linux) U04tMjMzOA==,False
397,AEGIS-Node/2.0 (Linux) U04tNjc3OA==,True
398,AEGIS-Node/2.0 (Linux) U04tNjI1Nw==,False
399,AEGIS-Node/2.0 (Linux) U04tNDAwNQ==,True
400,AEGIS-Node/2.0 (Linux) U04tNzY4Mw==,False
401,AEGIS-Node/2.0 (Linux) U04tMTE3MQ==,False
402,AEGIS-Node/2.0 (Linux) U04tNzc2MA==,False
403,AEGIS-Node/2.0 (Linux) U04tNzY2OA==,False
404,AEGIS-Node/2.0 (Linux) U04tMjYzNg==,False
405,AEGIS-Node/2.0 (Linux) U04tNTgyNw==,False
406,AEGIS-Node/2.0 (Linux) U04tNjg3OA==,False
407,AEGIS-Node/2.0 (Linux) U04tODIyMw==,False
408,AEGIS-Node/2.0 (Linux) U04tOTE5MQ==,False
409,AEGIS-Node/2.0 (Linux) U04tMzQxMQ==,False
410,AEGIS-Node/2.0 (Linux) U04tNTEwMA==,False
411,AEGIS-Node/2.0 (Linux) U04tMzk0Ng==,False
412,AEGIS-Node/2.0 (Linux) U04tODQ3Nw==,True
413,AEGIS-Node/2.0 (Linux) U04tNDA1Mg==,False
414,AEGIS-Node/2.0 (Linux) U04tNDM3MA==,False
415,AEGIS-Node/2.0 (Linux) U04tMzg1Mw==,False
416,AEGIS-Node/2.0 (Linux) U04tMTUzMQ==,True
417,AEGIS-Node/2.0 (Linux) U04tNDE2NA==,False
418,AEGIS-Node/2.0 (Linux) U04tNDY1MQ==,False
419,AEGIS-Node/2.0 (Linux) U04tMzQzNA==,False
420,AEGIS-Node/2.0 (Linux) U04tNzQyNw==,False
421,AEGIS-Node/2.0 (Linux) U04tODYwOQ==,False
422,AEGIS-Node/2.0 (Linux) U04tNDA5NA==,False
423,AEGIS-Node/2.0 (Linux) U04tMjExMw==,False
424,AEGIS-Node/2.0 (Linux) U04tOTc2NA==,False
425,AEGIS-Node/2.0 (Linux) U04tNzkwMg==,False
426,AEGIS-Node/2.0 (Linux) U04tMTM4MQ==,True
427,AEGIS-Node/2.0 (Linux) U04tMzczOQ==,False
428,AEGIS-Node/2.0 (Linux) U04tMjQ3Mw==,False
429,AEGIS-Node/2.0 (Linux) U04tNDIyNQ==,False
430,AEGIS-Node/2.0 (Linux) U04tNjMwMw==,False
431,AEGIS-Node/2.0 (Linux) U04tNjEzOA==,False
432,AEGIS-Node/2.0 (Linux) U04tMjg2Mw==,True
433,AEGIS-Node/2.0 (Linux) U04tODMwMw==,False
434,AEGIS-Node/2.0 (Linux) U04tMTQ4OQ==,False
435,AEGIS-Node/2.0 (Linux) U04tNzkwOQ==,False
436,AEGIS-Node/2.0 (Linux) U04tMjAyOA==,True
437,AEGIS-Node/2.0 (Linux) U04tNDg2NQ==,False
438,AEGIS-Node/2.0 (Linux) U04tNTg3Mw==,False
439,AEGIS-Node/2.0 (Linux) U04tMzY5MA==,False
440,AEGIS-Node/2.0 (Linux) U04tMjIxNA==,False
441,AEGIS-Node/2.0 (Linux) U04tMzY5MQ==,False
442,AEGIS-Node/2.0 (Linux) U04tNTEwNA==,False
443,AEGIS-Node/2.0 (Linux) U04tOTg4Mw==,False
444,AEGIS-Node/2.0 (Linux) U04tMjIxNw==,True
445,AEGIS-Node/2.0 (Linux) U04tNDE4MQ==,False
446,AEGIS-Node/2.0 (Linux) U04tODQyOQ==,False
447,AEGIS-Node/2.0 (Linux) U04tNDM1MA==,True
448,AEGIS-Node/2.0 (Linux) U04tNzA3Nw==,False
449,AEGIS-Node/2.0 (Linux) U04tOTMwNw==,False
450,AEGIS-Node/2.0 (Linux) U04tNTk3Mg==,False
451,AEGIS-Node/2.0 (Linux) U04tNjg1Ng==,False
452,AEGIS-Node/2.0 (Linux) U04tNzMwMQ==,False
453,AEGIS-Node/2.0 (Linux) U04tMzgzNQ==,False
454,AEGIS-Node/2.0 (Linux) U04tOTMxMg==,False
455,AEGIS-Node/2.0 (Linux) U04tNDUwNg==,False
456,AEGIS-Node/2.0 (Linux) U04tNTE0MA==,False
457,AEGIS-Node/2.0 (Linux) U04tOTcyNg==,False
458,AEGIS-Node/2.0 (Linux) U04tODI4Ng==,False
459,AEGIS-Node/2.0 (Linux) U04tNTMyMQ==,True
460,AEGIS-Node/2.0 (Linux) U04tMjIzMQ==,False
461,AEGIS-Node/2.0 (Linux) U04tMTUyNQ==,False
462,AEGIS-Node/2.0 (Linux) U04tMTAzNw==,False
463,AEGIS-Node/2.0 (Linux) U04tNTA4NQ==,True
464,AEGIS-Node/2.0 (Linux) U04tNDU5NA==,False
465,AEGIS-Node/2.0 (Linux) U04tMzg1NA==,False
466,AEGIS-Node/2.0 (Linux) U04tNDQ0OQ==,False
467,AEGIS-Node/2.0 (Linux) U04tOTA0OA==,False
468,AEGIS-Node/2.0 (Linux) U04tNjA0Nw==,False
469,AEGIS-Node/2.0 (Linux) U04tMjExOQ==,False
470,AEGIS-Node/2.0 (Linux) U04tMjUxOQ==,False
471,AEGIS-Node/2.0 (Linux) U04tMjA2Ng==,True
472,AEGIS-Node/2.0 (Linux) U04tNTUwMQ==,False
473,AEGIS-Node/2.0 (Linux) U04tMTQxNg==,False
474,AEGIS-Node/2.0 (Linux) U04tODgxMQ==,False
475,AEGIS-Node/2.0 (Linux) U04tMjYxOQ==,False
476,AEGIS-Node/2.0 (Linux) U04tOTg0Ng==,False
477,AEGIS-Node/2.0 (Linux) U04tMTQ4MQ==,False
478,AEGIS-Node/2.0 (Linux) U04tOTYzNA==,False
479,AEGIS-Node/2.0 (Linux) U04tNzE3OQ==,False
480,AEGIS-Node/2.0 (Linux) U04tMjY4Ng==,True
481,AEGIS-Node/2.0 (Linux) U04tMjAzNg==,False
482,AEGIS-Node/2.0 (Linux) U04tNDg5Nw==,False
483,AEGIS-Node/2.0 (Linux) U04tMjM1Mw==,True
484,AEGIS-Node/2.0 (Linux) U04tNTYwMA==,True
485,AEGIS-Node/2.0 (Linux) U04tMjk2OQ==,False
486,AEGIS-Node/2.0 (Linux) U04tODEwNQ==,True
487,AEGIS-Node/2.0 (Linux) U04tNzExNg==,True
488,AEGIS-Node/2.0 (Linux) U04tNTIxMw==,False
489,AEGIS-Node/2.0 (Linux) U04tOTU2Nw==,False
490,AEGIS-Node/2.0 (Linux) U04tNDM0NQ==,False
491,AEGIS-Node/2.0 (Linux) U04tNTgzMA==,False
492,AEGIS-Node/2.0 (Linux) U04tODcwNw==,False
493,AEGIS-Node/2.0 (Linux) U04tMzQzOA==,False
494,AEGIS-Node/2.0 (Linux) U04tODA4NQ==,False
495,AEGIS-Node/2.0 (Linux) U04tMjE1Ng==,False
496,AEGIS-Node/2.0 (Linux) U04tOTk0OQ==,False
497,AEGIS-Node/2.0 (Linux) U04tNjExNg==,True
498,AEGIS-Node/2.0 (Linux) U04tNzg2MQ==,False
499,AEGIS-Node/2.0 (Linux) U04tMjI0OA==,True
